{
    "preprocess": {
      "scaling": true,
      "text": true,
      "importance":true,
      "coefficient":false
      },

    "params": {
      "num_leaves": 87,
      "colsample_bytree": 0.9819540815689083,
      "reg_alpha": 0.7732631850029146, 
      "reg_lambda": 3.5079415361642305, 
      "max_depth": 13, 
      "learning_rate": 0.005910100570090616, 
      "n_estimators": 2796, 
      "min_child_samples": 100, 
      "subsample": 0.5698238216267754
        }
  }
